# _tick,_time,frames,mean_episode_return_0,loss_0
0,1712665102.934334,0,-0.3350180387496948,0.9598906636238098
1,1712665103.5338619,1600,-0.5118765830993652,240.09756469726562
2,1712665104.182602,3200,-0.4942103326320648,1.7838516235351562
3,1712665104.7808127,4800,-0.5645564198493958,1.111496090888977
4,1712665105.548271,6400,-0.5065829157829285,1.1419649124145508
5,1712665106.1924894,8000,-0.45045220851898193,0.931427001953125
6,1712665106.825711,9600,-0.4194231629371643,0.9136731028556824
7,1712665107.4637637,11200,-0.38940685987472534,0.9195106029510498
8,1712665108.120291,12800,-0.36144912242889404,0.9104490876197815
9,1712665108.8592644,14400,-0.3364153206348419,0.9037374258041382
10,1712665109.4424784,16000,-0.33026617765426636,0.897996723651886
11,1712665110.0704448,17600,-0.3177439868450165,0.9544811248779297
12,1712665110.685751,19200,-0.30433133244514465,0.8873955011367798
13,1712665111.314962,20800,-0.30055001378059387,0.8854222893714905
14,1712665112.0275326,22400,-0.29455381631851196,0.8827501535415649
15,1712665112.6549718,24000,-0.29080355167388916,0.8506717681884766
16,1712665113.3030157,25600,-0.28990617394447327,0.8562300801277161
17,1712665114.005147,27200,-0.28689977526664734,0.8644728064537048
18,1712665114.7081342,28800,-0.30042481422424316,0.833747923374176
19,1712665115.4150188,30400,-0.2977537214756012,0.8826134204864502
20,1712665116.0240335,32000,-0.30047592520713806,0.8288686275482178
21,1712665116.6828194,33600,-0.3041321635246277,0.8144090175628662
22,1712665117.3313625,35200,-0.29835668206214905,0.918469250202179
23,1712665118.0282483,36800,-0.29209914803504944,0.8764192461967468
24,1712665118.689036,38400,-0.283527672290802,0.9122888445854187
25,1712665119.2989728,40000,-0.2776640057563782,0.8891841769218445
26,1712665119.9055605,41600,-0.2748170495033264,0.8628883957862854
27,1712665120.5619373,43200,-0.2706442177295685,0.8533995151519775
28,1712665121.2684677,44800,-0.2684684693813324,0.9074070453643799
29,1712665121.861673,46400,-0.2660362422466278,0.8542312383651733
30,1712665122.4532235,48000,-0.2662009596824646,0.8215917944908142
31,1712665123.0468771,49600,-0.2653886675834656,0.8569260239601135
32,1712665123.7294304,51200,-0.26648861169815063,0.8436328172683716
33,1712665124.3895981,52800,-0.2643544673919678,0.827629029750824
34,1712665124.9998827,54400,-0.2596225142478943,0.9224788546562195
35,1712665125.5991929,56000,-0.2558051347732544,0.8851569294929504
36,1712665126.2126865,57600,-0.25198453664779663,0.8593036532402039
37,1712665126.9493337,59200,-0.2482949048280716,0.8439971208572388
38,1712665127.592044,60800,-0.24603965878486633,0.8248806595802307
39,1712665128.196288,62400,-0.24276359379291534,0.8512652516365051
40,1712665128.807499,64000,-0.23915623128414154,0.8906385898590088
41,1712665129.423499,65600,-0.23633559048175812,0.8590086102485657
42,1712665130.1995933,67200,-0.2328575700521469,0.8472619652748108
43,1712665130.8055882,68800,-0.2294236719608307,0.795551061630249
44,1712665131.4118052,70400,-0.22753344476222992,0.8487622737884521
45,1712665132.017893,72000,-0.2250128835439682,0.8420867323875427
46,1712665132.6624951,73600,-0.22241109609603882,0.8251803517341614
47,1712665133.373082,75200,-0.2203190177679062,0.8340543508529663
48,1712665134.046958,76800,-0.2178368866443634,0.8500820398330688
49,1712665134.7327437,78400,-0.2149641215801239,0.845188319683075
50,1712665135.417269,80000,-0.21310746669769287,0.8240950703620911
51,1712665136.1974034,81600,-0.21003864705562592,0.8478168249130249
52,1712665137.0020447,83200,-0.20715861022472382,0.8387886881828308
53,1712665137.7390738,84800,-0.20589567720890045,0.8036920428276062
54,1712665138.4616976,86400,-0.20448841154575348,0.892482578754425
55,1712665139.1805747,88000,-0.20330090820789337,0.846808671951294
56,1712665140.00688,89600,-0.20150335133075714,0.8244405388832092
57,1712665140.781024,91200,-0.19937749207019806,0.8289114236831665
58,1712665141.4862537,92800,-0.19822509586811066,0.8006978631019592
59,1712665142.2075229,94400,-0.19675329327583313,0.8456658124923706
60,1712665142.9442341,96000,-0.19556497037410736,0.8839529156684875
61,1712665143.7688708,97600,-0.19451966881752014,0.8277034163475037
62,1712665144.512445,99200,-0.1934967339038849,0.8113244771957397
63,1712665145.230354,100800,-0.19198060035705566,0.8275644183158875
64,1712665145.9654713,102400,-0.19038863480091095,0.7968299984931946
65,1712665146.815808,104000,-0.1880064308643341,0.8362817168235779
66,1712665147.7546587,105600,-0.18677276372909546,0.8360011577606201
67,1712665148.5603373,107200,-0.18652071058750153,0.8959704637527466
68,1712665149.3684964,108800,-0.1859865039587021,0.8462040424346924
69,1712665150.1896114,110400,-0.18457865715026855,0.8011583685874939
70,1712665151.0861032,112000,-0.18280397355556488,0.8129659295082092
71,1712665152.013872,113600,-0.1818377822637558,0.8199455142021179
72,1712665152.9471357,115200,-0.18112972378730774,0.8151033520698547
73,1712665153.7705348,116800,-0.18103471398353577,0.8532655835151672
74,1712665154.6544545,118400,-0.17984436452388763,0.8103801012039185
75,1712665155.5006552,120000,-0.1786293089389801,0.8316472768783569
76,1712665156.356965,121600,-0.1774229258298874,0.8221299648284912
77,1712665157.265724,123200,-0.17620587348937988,0.8606559634208679
78,1712665158.1025295,124800,-0.17518095672130585,0.8723403811454773
79,1712665158.9828753,126400,-0.17394861578941345,0.816631019115448
80,1712665159.78565,128000,-0.1723073273897171,0.7931540012359619
81,1712665160.6054518,129600,-0.17140179872512817,0.8227195739746094
82,1712665161.4710197,131200,-0.17029613256454468,0.799691379070282
83,1712665162.4434555,132800,-0.16921588778495789,0.83704674243927
84,1712665163.3428156,134400,-0.16857334971427917,0.8261394500732422
85,1712665164.107112,136000,-0.16819268465042114,0.8674536943435669
86,1712665164.8710365,137600,-0.1679517775774002,0.7974250316619873
87,1712665165.6921518,139200,-0.16694407165050507,0.7881155610084534
88,1712665166.6468852,140800,-0.166580468416214,0.8060438632965088
89,1712665167.5081804,142400,-0.16575433313846588,0.8485178351402283
90,1712665168.3244872,144000,-0.1643945872783661,0.8400163054466248
91,1712665169.1287925,145600,-0.1638432890176773,0.7984384298324585
92,1712665170.0567179,147200,-0.16332365572452545,0.822234570980072
93,1712665170.931094,148800,-0.16293279826641083,0.8155158758163452
94,1712665171.7121954,150400,-0.16239438951015472,0.757639467716217
95,1712665172.5430121,152000,-0.16237406432628632,0.8432150483131409
96,1712665173.3518198,153600,-0.16285257041454315,0.8512256145477295
97,1712665174.267768,155200,-0.16242173314094543,0.8143719434738159
98,1712665175.0830088,156800,-0.16195684671401978,0.797474205493927
99,1712665175.8914845,158400,-0.1609029918909073,0.8375574350357056
100,1712665176.694762,160000,-0.15821833908557892,0.8202846050262451
101,1712665177.5191765,161600,-0.1520143300294876,0.7972566485404968
102,1712665178.3759077,163200,-0.1484583020210266,0.7929218411445618
103,1712665179.2791748,164800,-0.14162492752075195,0.8406828045845032
104,1712665180.0861447,166400,-0.1398000866174698,0.8389472961425781
105,1712665180.894437,168000,-0.1390315443277359,0.8478074669837952
106,1712665181.700151,169600,-0.13729263842105865,0.8151473999023438
107,1712665182.5086467,171200,-0.13657468557357788,0.7884243726730347
108,1712665183.3509765,172800,-0.1363401710987091,0.8234586119651794
109,1712665184.1046057,174400,-0.13662125170230865,0.7975732684135437
110,1712665184.8142555,176000,-0.13453622162342072,0.8372149467468262
111,1712665185.548598,177600,-0.13343331217765808,0.8372194170951843
112,1712665186.386414,179200,-0.13310319185256958,0.8417845368385315
113,1712665187.4380162,180800,-0.13210289180278778,0.7895908951759338
114,1712665188.2109442,182400,-0.1308724731206894,0.7861895561218262
115,1712665188.919183,184000,-0.12978440523147583,0.8458238244056702
116,1712665189.6837413,185600,-0.12831051647663116,0.840409517288208
117,1712665190.4431636,187200,-0.1270754188299179,0.8084417581558228
118,1712665191.3175488,188800,-0.12260466814041138,0.7882320880889893
119,1712665192.0262063,190400,-0.12146739661693573,0.7708315253257751
120,1712665192.801579,192000,-0.11871923506259918,0.7937509417533875
121,1712665193.5649636,193600,-0.11583957821130753,0.7834407091140747
122,1712665194.2567399,195200,-0.11523313820362091,0.7855322360992432
123,1712665195.092885,196800,-0.11469477415084839,0.809187114238739
124,1712665195.8162987,198400,-0.11428733915090561,0.8318185210227966
125,1712665196.4937997,200000,-0.11349055171012878,0.8556587100028992
126,1712665197.181685,201600,-0.11207867413759232,0.8264637589454651
127,1712665197.880406,203200,-0.11118244379758835,0.7901269793510437
128,1712665198.8420968,204800,-0.11031147837638855,0.7857347726821899
129,1712665199.7153778,206400,-0.10944397002458572,0.7999820709228516
130,1712665200.4035964,208000,-0.10759800672531128,0.7900449633598328
131,1712665201.1224284,209600,-0.10560065507888794,0.8062981963157654
132,1712665201.8554034,211200,-0.103200763463974,0.798447847366333
133,1712665202.6768723,212800,-0.10175755620002747,0.7920651435852051
134,1712665203.5414813,214400,-0.10164162516593933,0.7802268266677856
135,1712665204.308087,216000,-0.10118820518255234,0.8299081325531006
136,1712665205.0523713,217600,-0.1012047752737999,0.8320570588111877
137,1712665205.8013215,219200,-0.10077039897441864,0.8790395855903625
138,1712665206.5814435,220800,-0.1000651940703392,0.8239508271217346
139,1712665207.4900107,222400,-0.10004279762506485,0.7982089519500732
140,1712665208.2743757,224000,-0.1001356765627861,0.7970085144042969
141,1712665209.0927641,225600,-0.09976764768362045,0.7730287313461304
142,1712665209.905414,227200,-0.09985548257827759,0.8019905090332031
143,1712665210.7209663,228800,-0.0998808890581131,0.7931902408599854
144,1712665211.7399132,230400,-0.09946095198392868,0.7872672080993652
145,1712665212.508933,232000,-0.09927771240472794,0.8093818426132202
146,1712665213.35535,233600,-0.09922582656145096,0.800743579864502
147,1712665214.2084188,235200,-0.09862986207008362,0.7576346397399902
148,1712665215.3127284,236800,-0.09851980954408646,0.8151546716690063
149,1712665216.3045335,238400,-0.09894813597202301,0.7592436075210571
150,1712665217.0844975,240000,-0.09777192771434784,0.7916710376739502
151,1712665217.9032652,241600,-0.09822650998830795,0.7732687592506409
152,1712665218.727195,243200,-0.09838316589593887,0.7869687080383301
153,1712665219.5245817,244800,-0.09762690216302872,0.7955524325370789
154,1712665220.510523,246400,-0.09797749668359756,0.7976192235946655
155,1712665221.3220348,248000,-0.09730751067399979,0.7888668775558472
156,1712665222.1400607,249600,-0.09738588333129883,0.795901358127594
157,1712665222.9450848,251200,-0.09737307578325272,0.8167198300361633
158,1712665223.786067,252800,-0.09645853191614151,0.8034130930900574
159,1712665224.8863542,254400,-0.09607429802417755,0.8121307492256165
160,1712665225.7371333,256000,-0.09587164223194122,0.8085864186286926
161,1712665226.689875,257600,-0.0961277112364769,0.8269221782684326
162,1712665227.6290696,259200,-0.09581579267978668,0.7820387482643127
163,1712665228.626214,260800,-0.09559062868356705,0.7934578657150269
164,1712665229.5204072,262400,-0.09589800238609314,0.8095357418060303
165,1712665230.3769047,264000,-0.09662307053804398,0.7716381549835205
166,1712665231.2359953,265600,-0.09632131457328796,0.7926524877548218
167,1712665232.096649,267200,-0.0955846980214119,0.8199158310890198
168,1712665232.99383,268800,-0.09485939145088196,0.8247846364974976
169,1712665233.8670206,270400,-0.09444490075111389,0.7681533098220825
170,1712665234.729675,272000,-0.09475701302289963,0.8135910630226135
171,1712665235.6232734,273600,-0.09421439468860626,0.7761499881744385
172,1712665236.5716233,275200,-0.09424911439418793,0.7971845865249634
173,1712665237.5337255,276800,-0.09344898164272308,0.7869316339492798
174,1712665238.4880917,278400,-0.09388789534568787,0.8211120367050171
175,1712665239.3878345,280000,-0.09410298615694046,0.8251170516014099
176,1712665240.4769049,281600,-0.09449451416730881,0.7758738994598389
177,1712665241.3782096,283200,-0.09400204569101334,0.7809614539146423
178,1712665242.2499924,284800,-0.09392821043729782,0.802276611328125
179,1712665243.2462587,286400,-0.0935891717672348,0.848564088344574
180,1712665244.1406288,288000,-0.09413603693246841,0.7632696628570557
181,1712665245.2119405,289600,-0.09432396292686462,0.7713444232940674
182,1712665246.0529454,291200,-0.09455770254135132,0.7599095702171326
183,1712665246.9142423,292800,-0.09434058517217636,0.7964542508125305
184,1712665247.814374,294400,-0.09386477619409561,0.8163924217224121
185,1712665248.760589,296000,-0.09281140565872192,0.7910025119781494
186,1712665249.7294335,297600,-0.09256138652563095,0.7985262274742126
187,1712665250.586478,299200,-0.09376676380634308,0.8494104146957397
188,1712665251.7354321,300800,-0.09365314245223999,0.8002346158027649
189,1712665252.7610962,302400,-0.09349870681762695,0.7763949036598206
190,1712665253.6777458,304000,-0.09415464103221893,0.7521386742591858
191,1712665254.6626444,305600,-0.09374342858791351,0.7930174469947815
192,1712665255.6090112,307200,-0.09340692311525345,0.7808194756507874
193,1712665256.6233916,308800,-0.09289564192295074,0.7716478109359741
194,1712665257.654067,310400,-0.09270762652158737,0.7748594880104065
195,1712665258.6297169,312000,-0.0917138159275055,0.8196007013320923
196,1712665259.625071,313600,-0.09024763107299805,0.7621983885765076
197,1712665260.5084884,315200,-0.08996640145778656,0.8142688870429993
198,1712665261.4301574,316800,-0.08923608064651489,0.8078666925430298
199,1712665262.401742,318400,-0.08895760774612427,0.8072932362556458
200,1712665263.2948718,320000,-0.08884269744157791,0.798677384853363
201,1712665264.241057,321600,-0.08914656937122345,0.785554826259613
202,1712665265.1419141,323200,-0.0889456570148468,0.7752499580383301
203,1712665266.2036772,324800,-0.08883725851774216,0.785153329372406
204,1712665267.167312,326400,-0.08876266330480576,0.7765817046165466
205,1712665268.003248,328000,-0.08832938969135284,0.778337299823761
206,1712665268.8463645,329600,-0.08857516199350357,0.7734211683273315
207,1712665269.6670477,331200,-0.0884726494550705,0.8164999485015869
208,1712665270.6836412,332800,-0.08816780149936676,0.7922260165214539
209,1712665271.6521213,334400,-0.08777748048305511,0.7738382816314697
210,1712665272.579207,336000,-0.08787450194358826,0.7831946015357971
211,1712665273.4920425,337600,-0.0878942459821701,0.7577334046363831
212,1712665274.331708,339200,-0.08708280324935913,0.7719776630401611
213,1712665275.3861713,340800,-0.08661529421806335,0.7760589122772217
214,1712665276.1716287,342400,-0.08731245249509811,0.8202111721038818
215,1712665276.9439125,344000,-0.08661703765392303,0.7898954749107361
216,1712665277.8991404,345600,-0.08612680435180664,0.7623109221458435
217,1712665278.8119712,347200,-0.08537957817316055,0.7817195057868958
218,1712665279.8539662,348800,-0.0850641280412674,0.7943068742752075
219,1712665280.702815,350400,-0.08447422087192535,0.8141811490058899
220,1712665281.6934297,352000,-0.08465466648340225,0.7982295155525208
221,1712665282.645532,353600,-0.08457476645708084,0.7814614772796631
222,1712665283.4948044,355200,-0.08403445035219193,0.7674303650856018
223,1712665284.4170723,356800,-0.08330944180488586,0.7839881181716919
224,1712665285.3443203,358400,-0.08397229015827179,0.7692777514457703
225,1712665286.3483963,360000,-0.08444532752037048,0.7666882872581482
226,1712665287.2432277,361600,-0.08444666117429733,0.7924213409423828
227,1712665288.1176164,363200,-0.08428052067756653,0.798539400100708
228,1712665289.116386,364800,-0.08367961645126343,0.7844163775444031
229,1712665289.9513447,366400,-0.08358632028102875,0.8113465309143066
230,1712665290.9298544,368000,-0.08297041058540344,0.7516512870788574
231,1712665291.9001338,369600,-0.08298925310373306,0.7577615976333618
232,1712665292.7773533,371200,-0.08306747674942017,0.7807958126068115
233,1712665293.6051672,372800,-0.08363642543554306,0.7949512600898743
234,1712665294.4682038,374400,-0.08316276222467422,0.7408521771430969
235,1712665295.439143,376000,-0.08346989005804062,0.7545574903488159
236,1712665296.252994,377600,-0.08289874345064163,0.7593839764595032
237,1712665297.0562277,379200,-0.08296462893486023,0.7714107036590576
238,1712665297.8411188,380800,-0.08299925923347473,0.7822983264923096
239,1712665298.6860247,382400,-0.08309656381607056,0.7518334984779358
240,1712665299.6655698,384000,-0.08246874064207077,0.7516868114471436
241,1712665300.4327154,385600,-0.08221466094255447,0.7867860198020935
242,1712665301.2450264,387200,-0.08225993067026138,0.8068094849586487
243,1712665302.1513722,388800,-0.08354121446609497,0.8696866035461426
244,1712665303.0441763,390400,-0.08399248123168945,0.7692323923110962
245,1712665304.0017393,392000,-0.08379445225000381,0.7996929883956909
246,1712665304.8897648,393600,-0.083258718252182,0.8277128338813782
247,1712665305.9710534,395200,-0.08291658759117126,0.7819364666938782
248,1712665306.9178307,396800,-0.08308946341276169,0.7827113270759583
249,1712665307.8552208,398400,-0.0824669823050499,0.7825778126716614
250,1712665308.6869733,400000,-0.08341626077890396,0.8032817840576172
251,1712665309.5126333,401600,-0.08375035226345062,0.7535903453826904
252,1712665310.3692725,403200,-0.08359680324792862,0.7709143757820129
253,1712665311.3709588,404800,-0.08407458662986755,0.762097954750061
254,1712665312.2639968,406400,-0.08391093462705612,0.7519670128822327
255,1712665313.145734,408000,-0.08395412564277649,0.7994180917739868
256,1712665314.0326438,409600,-0.08373457193374634,0.788322925567627
257,1712665315.1004171,411200,-0.08337350189685822,0.8102750182151794
258,1712665315.9687207,412800,-0.08341779559850693,0.8151273131370544
259,1712665316.7809792,414400,-0.08339480310678482,0.8065676093101501
260,1712665317.573354,416000,-0.08314476907253265,0.7655923366546631
261,1712665318.3853164,417600,-0.08189050853252411,0.7433948516845703
262,1712665319.3109684,419200,-0.08154480159282684,0.7673494815826416
263,1712665320.1092117,420800,-0.08186566084623337,0.7518035769462585
264,1712665320.9728045,422400,-0.08115562796592712,0.8108203411102295
265,1712665321.8105915,424000,-0.08080035448074341,0.7689123749732971
266,1712665322.6154034,425600,-0.08087257295846939,0.7886753082275391
267,1712665323.5083117,427200,-0.08062233775854111,0.7653369903564453
268,1712665324.445252,428800,-0.08059282600879669,0.7453724145889282
269,1712665325.3905058,430400,-0.08079314976930618,0.7619687914848328
270,1712665326.4538193,432000,-0.08068877458572388,0.7786491513252258
271,1712665327.2879453,433600,-0.08039025962352753,0.851031482219696
272,1712665328.1122825,435200,-0.08006682991981506,0.7699386477470398
273,1712665328.9364557,436800,-0.08011560142040253,0.7754194736480713
274,1712665329.7455456,438400,-0.07936074584722519,0.7797544002532959
275,1712665330.5878882,440000,-0.07939542084932327,0.7716096639633179
276,1712665331.3562996,441600,-0.07894650101661682,0.745807945728302
277,1712665332.1370857,443200,-0.07950858771800995,0.7690780162811279
278,1712665332.9908874,444800,-0.07965637743473053,0.7451397776603699
279,1712665333.7498004,446400,-0.08013523370027542,0.7619495987892151
280,1712665334.5671306,448000,-0.07914087921380997,0.7700592279434204
281,1712665335.3863735,449600,-0.07878372818231583,0.7579229474067688
282,1712665336.1240928,451200,-0.07858221232891083,0.7491357326507568
283,1712665336.9294255,452800,-0.07829923927783966,0.793656587600708
284,1712665337.782921,454400,-0.07932045310735703,0.7984758019447327
285,1712665338.5583746,456000,-0.07998552918434143,0.8561336994171143
286,1712665339.3671432,457600,-0.07994887232780457,0.8887890577316284
287,1712665340.1511552,459200,-0.07862482219934464,0.7740609049797058
288,1712665340.9277642,460800,-0.0785847008228302,0.8409364819526672
289,1712665341.7592459,462400,-0.07880473881959915,0.7879112362861633
290,1712665342.6218498,464000,-0.07890979200601578,0.7660252451896667
291,1712665343.4290886,465600,-0.07912345230579376,0.7576172351837158
292,1712665344.1913483,467200,-0.07943771034479141,0.7517985701560974
293,1712665344.9614305,468800,-0.07887441664934158,0.767666757106781
294,1712665345.7819474,470400,-0.07809556275606155,0.7714135050773621
295,1712665346.6961496,472000,-0.07823792845010757,0.7699429392814636
296,1712665347.3961945,473600,-0.07829151302576065,0.7793331742286682
297,1712665348.1033568,475200,-0.07785673439502716,0.7500296235084534
298,1712665348.81342,476800,-0.07857657223939896,0.7549171447753906
299,1712665349.4824338,478400,-0.07901231944561005,0.7622281908988953
300,1712665350.310972,480000,-0.0794861763715744,0.7779505252838135
301,1712665350.9965851,481600,-0.07921875268220901,0.7950436472892761
302,1712665351.7103138,483200,-0.07893335074186325,0.7434406876564026
303,1712665352.3740969,484800,-0.07861632108688354,0.7869163751602173
304,1712665353.159345,486400,-0.0785195380449295,0.7950395941734314
305,1712665353.9406116,488000,-0.07898328453302383,0.7584050893783569
306,1712665354.6151655,489600,-0.0786948949098587,0.7897733449935913
307,1712665355.2889175,491200,-0.07859893888235092,0.7636449337005615
308,1712665355.9756784,492800,-0.0782824233174324,0.781880795955658
309,1712665356.75347,494400,-0.07836730778217316,0.7645043730735779
310,1712665357.5003169,496000,-0.077935591340065,0.7495162487030029
311,1712665358.193975,497600,-0.07818888872861862,0.7608090043067932
312,1712665358.8754508,499200,-0.0776464194059372,0.797400712966919
313,1712665359.5825334,500800,-0.07699959725141525,0.8104256391525269
314,1712665360.37215,502400,-0.07693193107843399,0.8268498778343201
315,1712665361.0809305,504000,-0.07709203660488129,0.7564547061920166
316,1712665361.8054535,505600,-0.0766584500670433,0.7684091329574585
317,1712665362.501192,507200,-0.07709221541881561,0.7557660937309265
318,1712665363.2207842,508800,-0.07727687060832977,0.7429081201553345
319,1712665364.0060387,510400,-0.07671386748552322,0.7316063642501831
320,1712665364.7398021,512000,-0.07674779742956161,0.7404465675354004
321,1712665365.4128697,513600,-0.07667261362075806,0.7677040696144104
322,1712665366.110751,515200,-0.07690418511629105,0.7597554922103882
323,1712665366.8536925,516800,-0.077390156686306,0.7643119096755981
324,1712665367.687249,518400,-0.07670176774263382,0.7893813252449036
325,1712665368.8599017,520000,-0.07652154564857483,0.7789017558097839
326,1712665369.7334158,521600,-0.07632627338171005,0.7926420569419861
327,1712665370.5946422,523200,-0.07669038325548172,0.7891369462013245
328,1712665371.4824355,524800,-0.0764801949262619,0.7912894487380981
329,1712665372.3231957,526400,-0.07588258385658264,0.7500084042549133
330,1712665373.3402097,528000,-0.07620418816804886,0.7661582827568054
331,1712665374.2320511,529600,-0.07652660459280014,0.764941394329071
332,1712665375.0431895,531200,-0.07654570043087006,0.7408902049064636
333,1712665375.917978,532800,-0.07597599178552628,0.7543079257011414
334,1712665376.8367522,534400,-0.07635042071342468,0.7375956773757935
335,1712665377.7958891,536000,-0.07597634196281433,0.7700369954109192
336,1712665378.8707697,537600,-0.07639037817716599,0.7950889468193054
337,1712665379.9605517,539200,-0.07589869201183319,0.7550818920135498
338,1712665380.8990126,540800,-0.0758487731218338,0.7521567344665527
339,1712665381.8163402,542400,-0.07545411586761475,0.7346575856208801
340,1712665382.935455,544000,-0.07567273825407028,0.7630664706230164
341,1712665383.764599,545600,-0.07579100131988525,0.7639942169189453
342,1712665384.6724741,547200,-0.07485806196928024,0.7474926710128784
343,1712665385.5781696,548800,-0.07353688776493073,0.7721905708312988
344,1712665386.4596398,550400,-0.0728311613202095,0.8669093251228333
345,1712665387.4785397,552000,-0.07203978300094604,0.7563256621360779
346,1712665388.3169503,553600,-0.07261012494564056,0.755160927772522
347,1712665389.2305124,555200,-0.07313685864210129,0.7304412126541138
348,1712665390.1892655,556800,-0.07242253422737122,0.7690744996070862
349,1712665391.0316875,558400,-0.07217051833868027,0.7500460147857666
350,1712665391.926951,560000,-0.0723247304558754,0.7433157563209534
351,1712665392.7226384,561600,-0.07185103744268417,0.7577237486839294
352,1712665393.5914643,563200,-0.07170026004314423,0.7501088976860046
353,1712665394.418235,564800,-0.07130680233240128,0.7792896032333374
354,1712665395.2688751,566400,-0.07055512815713882,0.7795798778533936
355,1712665396.1070292,568000,-0.07034611701965332,0.7664053440093994
356,1712665396.9777205,569600,-0.07051465660333633,0.748126208782196
357,1712665398.0159702,571200,-0.07066839933395386,0.7808153629302979
358,1712665398.8848028,572800,-0.07108528167009354,0.7712151408195496
359,1712665399.695461,574400,-0.07113192230463028,0.7557907700538635
360,1712665400.5157151,576000,-0.07080774009227753,0.7160999178886414
361,1712665401.3693063,577600,-0.07113951444625854,0.7395771145820618
362,1712665402.3193302,579200,-0.07139818370342255,0.7343488335609436
363,1712665403.224117,580800,-0.07081450521945953,0.7916712760925293
364,1712665404.1234636,582400,-0.07085113227367401,0.768837571144104
365,1712665405.0252528,584000,-0.07100491225719452,0.7845654487609863
366,1712665405.9698243,585600,-0.07077660411596298,0.7752427458763123
367,1712665406.9909225,587200,-0.07053659111261368,0.7584767937660217
368,1712665407.903675,588800,-0.07074188441038132,0.7247360348701477
369,1712665408.8265417,590400,-0.07116402685642242,0.7355033159255981
370,1712665409.7214522,592000,-0.07108226418495178,0.7598819136619568
371,1712665410.6061223,593600,-0.07194879651069641,0.7317227125167847
372,1712665411.5353303,595200,-0.07204398512840271,0.7664505839347839
373,1712665412.3943334,596800,-0.07152057439088821,0.7649513483047485
374,1712665413.2155442,598400,-0.07136038690805435,0.7818354964256287
375,1712665414.103084,600000,-0.07079169899225235,0.7575510144233704
376,1712665414.935211,601600,-0.07124406099319458,0.7428885698318481
377,1712665415.8095853,603200,-0.07055380195379257,0.7948786020278931
378,1712665416.668914,604800,-0.07012335956096649,0.78125
379,1712665417.5614135,606400,-0.07008635997772217,0.7636886835098267
380,1712665418.5097003,608000,-0.0708865225315094,0.7374592423439026
381,1712665419.4788988,609600,-0.07076417654752731,0.7487704753875732
382,1712665420.4661345,611200,-0.07074971497058868,0.7735255360603333
383,1712665421.4845524,612800,-0.0714043378829956,0.7621846199035645
384,1712665422.434378,614400,-0.07047422230243683,0.7689040899276733
385,1712665423.3186345,616000,-0.0704190656542778,0.7221655249595642
386,1712665424.2283072,617600,-0.07009924203157425,0.7557682991027832
387,1712665425.1673386,619200,-0.07003413140773773,0.7225269079208374
388,1712665426.1320903,620800,-0.06982672214508057,0.7165110111236572
389,1712665426.8879793,622400,-0.06968726962804794,0.7378212809562683
390,1712665427.6589534,624000,-0.06914854794740677,0.7269912958145142
391,1712665428.4862611,625600,-0.06901916861534119,0.7433450818061829
392,1712665429.6053867,627200,-0.06852896511554718,0.7576239705085754
393,1712665430.4451437,628800,-0.06865020841360092,0.7667503952980042
394,1712665431.153872,630400,-0.06937678903341293,0.8107476234436035
395,1712665431.8571243,632000,-0.06977001577615738,0.7721114158630371
396,1712665432.602304,633600,-0.06954926252365112,0.8528264760971069
397,1712665433.2756572,635200,-0.06990498304367065,0.7554675340652466
398,1712665433.9560764,636800,-0.06946306675672531,0.7462559342384338
399,1712665434.6920786,638400,-0.06913930177688599,0.7443135976791382
400,1712665435.4343567,640000,-0.06885839253664017,0.743613600730896
401,1712665436.1738226,641600,-0.06842057406902313,0.7563173174858093
402,1712665436.9822552,643200,-0.06851360946893692,0.7722682356834412
403,1712665437.8076746,644800,-0.06871171295642853,0.7463545203208923
404,1712665438.6161652,646400,-0.06892118602991104,0.7956379652023315
405,1712665439.4952137,648000,-0.06809678673744202,0.7889699339866638
406,1712665440.2414854,649600,-0.06838511675596237,0.7519431114196777
407,1712665440.9581528,651200,-0.06844166666269302,0.725443959236145
408,1712665441.682555,652800,-0.06876248866319656,0.7407840490341187
409,1712665442.4535286,654400,-0.06795983016490936,0.7694522738456726
410,1712665443.2261515,656000,-0.06849067658185959,0.7753903269767761
411,1712665443.9176261,657600,-0.0686011016368866,0.7176133990287781
412,1712665444.6214695,659200,-0.06974960118532181,0.7414675354957581
413,1712665445.5136225,660800,-0.06932099908590317,0.759939968585968
414,1712665446.424856,662400,-0.06854510307312012,0.8056349158287048
415,1712665447.1884408,664000,-0.06888028979301453,0.8202232122421265
416,1712665448.0264838,665600,-0.06916651874780655,0.8005630373954773
417,1712665448.752205,667200,-0.06964573264122009,0.7402076125144958
418,1712665449.5149646,668800,-0.07014556974172592,0.7169966697692871
419,1712665450.3218193,670400,-0.07087141275405884,0.7031363844871521
420,1712665451.0881295,672000,-0.07063666731119156,0.7522358894348145
421,1712665452.0267255,673600,-0.07089610397815704,0.7654876112937927
422,1712665452.8006942,675200,-0.07122096419334412,0.7453811168670654
423,1712665453.586987,676800,-0.07086370885372162,0.7381086945533752
424,1712665454.377137,678400,-0.07109133154153824,0.7265186309814453
425,1712665455.1359582,680000,-0.07083137333393097,0.7611732482910156
426,1712665455.9475517,681600,-0.07078304886817932,0.7605873346328735
427,1712665456.8007658,683200,-0.07042434811592102,0.7565757036209106
428,1712665457.6088767,684800,-0.0710328221321106,0.7292904853820801
429,1712665458.3875186,686400,-0.07135317474603653,0.7691674828529358
430,1712665459.1532469,688000,-0.07126043736934662,0.7653234601020813
431,1712665459.926226,689600,-0.07114845514297485,0.7479034662246704
432,1712665460.8690152,691200,-0.07140129059553146,0.7391381859779358
433,1712665461.6405838,692800,-0.07146670669317245,0.7669712901115417
434,1712665462.447886,694400,-0.07122386246919632,0.7942773699760437
435,1712665463.227387,696000,-0.07145143300294876,0.7971085906028748
436,1712665464.022469,697600,-0.07109025865793228,0.7798827886581421
437,1712665464.8869803,699200,-0.07156824320554733,0.762119472026825
438,1712665465.753934,700800,-0.07136484980583191,0.7367833852767944
439,1712665466.5330544,702400,-0.0713060200214386,0.7490823268890381
440,1712665467.3599334,704000,-0.07150169461965561,0.7249913811683655
441,1712665468.2100549,705600,-0.07217761874198914,0.7447811961174011
442,1712665469.0152714,707200,-0.07192043960094452,0.7580075263977051
443,1712665469.953708,708800,-0.07181157171726227,0.7551860809326172
444,1712665470.768534,710400,-0.07186863571405411,0.727089524269104
445,1712665471.5676007,712000,-0.07237005978822708,0.7571971416473389
446,1712665472.3073769,713600,-0.07237972319126129,0.7291046977043152
447,1712665473.057504,715200,-0.07236606627702713,0.7974063158035278
448,1712665473.8941414,716800,-0.07256815582513809,0.7854465246200562
449,1712665474.7598042,718400,-0.07290835678577423,0.7689427137374878
450,1712665475.5559216,720000,-0.07221963256597519,0.7848700881004333
451,1712665476.3204439,721600,-0.07233184576034546,0.7556168437004089
452,1712665477.1882446,723200,-0.07254120707511902,0.7038994431495667
453,1712665478.2488534,724800,-0.07256995141506195,0.7307232618331909
454,1712665479.3328567,726400,-0.0735413208603859,0.7091322541236877
455,1712665480.2960243,728000,-0.07430199533700943,0.7427915930747986
456,1712665481.2971697,729600,-0.07385393977165222,0.726449728012085
457,1712665482.2653806,731200,-0.07374658435583115,0.7472097873687744
458,1712665483.1585774,732800,-0.0732371062040329,0.7756439447402954
459,1712665484.1197557,734400,-0.07308562844991684,0.7589755058288574
460,1712665485.0249467,736000,-0.07303956151008606,0.7976058125495911
461,1712665485.9483,737600,-0.07333085685968399,0.7342047095298767
462,1712665486.901038,739200,-0.07289129495620728,0.7596734762191772
463,1712665487.843334,740800,-0.07274983078241348,0.7445090413093567
464,1712665488.9448187,742400,-0.07263802736997604,0.7293198108673096
465,1712665490.091584,744000,-0.0723787322640419,0.743243396282196
466,1712665491.1046371,745600,-0.07245925813913345,0.7139066457748413
467,1712665492.147767,747200,-0.07208169251680374,0.7332801818847656
468,1712665493.3780153,748800,-0.07174389064311981,0.7682847380638123
469,1712665494.407536,750400,-0.07113953679800034,0.7466168403625488
470,1712665495.4176946,752000,-0.07048609852790833,0.7551071047782898
471,1712665496.3848066,753600,-0.07050853967666626,0.7985073328018188
472,1712665497.3173082,755200,-0.0699915811419487,0.7975930571556091
473,1712665498.3181515,756800,-0.07017652690410614,0.733994722366333
474,1712665499.2101278,758400,-0.07032996416091919,0.7471253871917725
475,1712665500.221999,760000,-0.07032687962055206,0.7448420524597168
476,1712665501.1938806,761600,-0.06959535926580429,0.7540139555931091
477,1712665502.0994017,763200,-0.06962693482637405,0.7435773611068726
478,1712665502.9740925,764800,-0.06945081055164337,0.7594141364097595
479,1712665503.9165606,766400,-0.0693669319152832,0.7187007069587708
480,1712665504.7906196,768000,-0.06913730502128601,0.7230026721954346
481,1712665505.6007123,769600,-0.06898435950279236,0.7459845542907715
482,1712665506.4356933,771200,-0.06906282901763916,0.742089033126831
483,1712665507.2735913,772800,-0.06880822777748108,0.7243893146514893
484,1712665508.2157097,774400,-0.06927299499511719,0.7305378913879395
485,1712665509.1233773,776000,-0.06888440251350403,0.7242335677146912
486,1712665509.9406855,777600,-0.06871107965707779,0.7192771434783936
487,1712665510.7249033,779200,-0.06882228702306747,0.7233285307884216
488,1712665511.6824348,780800,-0.06846542656421661,0.7180943489074707
489,1712665512.662424,782400,-0.0678224116563797,0.7167604565620422
490,1712665513.4793546,784000,-0.06763491779565811,0.7615709900856018
491,1712665514.31986,785600,-0.06791441142559052,0.7955237030982971
492,1712665515.1573706,787200,-0.06781924515962601,0.8861246705055237
493,1712665516.0636988,788800,-0.06802025437355042,0.7648515105247498
494,1712665516.9466252,790400,-0.06779708713293076,0.791878879070282
495,1712665517.8267791,792000,-0.06780508160591125,0.7533433437347412
496,1712665518.6668642,793600,-0.0680076852440834,0.7435768246650696
497,1712665519.6332018,795200,-0.06755401194095612,0.7287424206733704
498,1712665520.5529642,796800,-0.06782679259777069,0.7393474578857422
499,1712665521.3932807,798400,-0.0686105489730835,0.6986980438232422
500,1712665522.236164,800000,-0.06897599250078201,0.7132559418678284
501,1712665523.0721288,801600,-0.06981304287910461,0.7263289093971252
502,1712665523.9427483,803200,-0.06989385932683945,0.7492682933807373
503,1712665524.8231616,804800,-0.06984081864356995,0.7081175446510315
504,1712665525.642759,806400,-0.06967581063508987,0.7415300011634827
505,1712665526.4558864,808000,-0.06999984383583069,0.7368314266204834
506,1712665527.295415,809600,-0.0694359615445137,0.7419283986091614
507,1712665528.275717,811200,-0.0687883272767067,0.717042863368988
508,1712665529.170058,812800,-0.06866508722305298,0.7249575257301331
509,1712665530.0182455,814400,-0.0691274106502533,0.7499284148216248
510,1712665530.893012,816000,-0.06924699991941452,0.7225305438041687
511,1712665531.817142,817600,-0.06960299611091614,0.7134671807289124
512,1712665532.7192903,819200,-0.06988821923732758,0.7206003665924072
513,1712665533.6449952,820800,-0.0708949938416481,0.7196874022483826
514,1712665534.5105987,822400,-0.07073689252138138,0.7348600029945374
515,1712665535.357706,824000,-0.07029182463884354,0.7485868334770203
516,1712665536.2364118,825600,-0.0704864114522934,0.854844868183136
517,1712665537.0747807,827200,-0.07033845037221909,0.9440395832061768
518,1712665537.9459918,828800,-0.06957230716943741,0.7555384635925293
519,1712665538.9806325,830400,-0.06912074238061905,0.7523324489593506
520,1712665540.0070715,832000,-0.06940234452486038,0.7201524376869202
521,1712665540.8598797,833600,-0.06907615810632706,0.7430517077445984
522,1712665541.8157468,835200,-0.06918175518512726,0.7408480644226074
523,1712665542.7078884,836800,-0.0698261633515358,0.7484066486358643
524,1712665543.6559513,838400,-0.06981389224529266,0.7475295066833496
525,1712665544.472987,840000,-0.06993250548839569,0.746503472328186
526,1712665545.2557843,841600,-0.06962468475103378,0.7580544948577881
527,1712665546.049904,843200,-0.0698760598897934,0.7334145307540894
528,1712665546.9013836,844800,-0.06906178593635559,0.7446929812431335
529,1712665547.7738729,846400,-0.06833557039499283,0.7336663007736206
530,1712665548.619972,848000,-0.06915292143821716,0.763214111328125
531,1712665549.4266124,849600,-0.06929173320531845,0.767112135887146
532,1712665550.2375314,851200,-0.06901334226131439,0.7682167291641235
533,1712665551.0188708,852800,-0.06940006464719772,0.789659857749939
534,1712665551.8871198,854400,-0.06929604709148407,0.7650402784347534
535,1712665552.8293068,856000,-0.06901846081018448,0.75164794921875
536,1712665553.6507785,857600,-0.0688752681016922,0.7507022023200989
537,1712665554.4459693,859200,-0.06869473308324814,0.7609944939613342
538,1712665555.326901,860800,-0.06878156960010529,0.7440917491912842
539,1712665556.1954932,862400,-0.06920979171991348,0.7485150098800659
540,1712665557.1366816,864000,-0.06896048784255981,0.7159728407859802
541,1712665558.0331628,865600,-0.06801871955394745,0.7139999270439148
542,1712665558.822722,867200,-0.06955165416002274,0.7175819277763367
543,1712665559.6154006,868800,-0.06942584365606308,0.755852222442627
544,1712665560.4602323,870400,-0.06910187751054764,0.7268173098564148
545,1712665561.2920702,872000,-0.06912670284509659,0.7471357583999634
546,1712665562.2741387,873600,-0.06867510825395584,0.7789562940597534
547,1712665563.0833435,875200,-0.06847286969423294,0.7711021900177002
548,1712665563.8689039,876800,-0.06862913817167282,0.8087947368621826
549,1712665564.7103896,878400,-0.06871535629034042,0.7700138688087463
550,1712665565.609866,880000,-0.06882856041193008,0.7648876309394836
551,1712665566.5674572,881600,-0.06895265728235245,0.7327525615692139
552,1712665567.4444287,883200,-0.06930074095726013,0.7388551831245422
553,1712665568.2665744,884800,-0.06926927715539932,0.7584689259529114
554,1712665569.0470212,886400,-0.068573959171772,0.7174519300460815
555,1712665569.8438966,888000,-0.06844514608383179,0.7335987687110901
556,1712665570.6811056,889600,-0.06853803992271423,0.7208558917045593
557,1712665571.6462634,891200,-0.06842608749866486,0.7410619854927063
558,1712665572.3430247,892800,-0.0688072144985199,0.7488020062446594
559,1712665573.104198,894400,-0.06852314621210098,0.7189406752586365
560,1712665573.876415,896000,-0.06883356720209122,0.7352779507637024
561,1712665574.595873,897600,-0.06904163211584091,0.7089037299156189
562,1712665575.4598825,899200,-0.06946559995412827,0.7092592120170593
563,1712665576.1758304,900800,-0.07030478119850159,0.7771328091621399
564,1712665576.8815336,902400,-0.07092822343111038,0.7460272312164307
565,1712665577.6212313,904000,-0.07148133218288422,0.7756851315498352
566,1712665578.3736155,905600,-0.07148738950490952,0.7706650495529175
567,1712665579.2203093,907200,-0.07237569242715836,0.7619051933288574
568,1712665579.947743,908800,-0.07260206341743469,0.7534447312355042
569,1712665580.6586063,910400,-0.07288896292448044,0.7494935393333435
570,1712665581.3788922,912000,-0.07379597425460815,0.7507215738296509
571,1712665582.18947,913600,-0.07316713780164719,0.7479386925697327
572,1712665582.977126,915200,-0.07277984917163849,0.7428541779518127
573,1712665583.7171128,916800,-0.0728951096534729,0.7176381945610046
574,1712665584.4478798,918400,-0.07302681356668472,0.7194517254829407
575,1712665585.1562138,920000,-0.07305823266506195,0.7361847162246704
576,1712665586.0206587,921600,-0.07321551442146301,0.7400103211402893
577,1712665586.7526913,923200,-0.07337626814842224,0.7673693299293518
578,1712665587.4954116,924800,-0.07406659424304962,0.814404308795929
579,1712665588.1991882,926400,-0.07413997501134872,0.831220269203186
580,1712665588.9133172,928000,-0.07468771934509277,0.7519043684005737
581,1712665589.7840168,929600,-0.07505743950605392,0.7208373546600342
582,1712665590.5192668,931200,-0.07500917464494705,0.7233933210372925
583,1712665591.3276515,932800,-0.07516839355230331,0.728188157081604
584,1712665592.052922,934400,-0.07440615445375443,0.7373300194740295
585,1712665592.7852545,936000,-0.07462984323501587,0.7356811761856079
586,1712665593.5896103,937600,-0.07489833980798721,0.6983184814453125
587,1712665594.3935254,939200,-0.07497228682041168,0.7340606451034546
588,1712665595.1095862,940800,-0.07512378692626953,0.7275692224502563
589,1712665595.814577,942400,-0.07552100718021393,0.7335585951805115
590,1712665596.5713003,944000,-0.07600149512290955,0.7276664972305298
591,1712665597.5242043,945600,-0.07540944218635559,0.7595092058181763
592,1712665598.4128652,947200,-0.07580351084470749,0.7224643230438232
593,1712665599.2312436,948800,-0.07610030472278595,0.7673617005348206
594,1712665600.0245109,950400,-0.07615204155445099,0.7701560854911804
595,1712665600.7653475,952000,-0.07619280368089676,0.8040599226951599
596,1712665601.5354578,953600,-0.07575491815805435,0.802578866481781
597,1712665602.3004136,955200,-0.07607622444629669,0.8011464476585388
598,1712665603.1079247,956800,-0.07575293630361557,0.7457594871520996
599,1712665603.8685987,958400,-0.07556533813476562,0.7370392084121704
600,1712665604.6243615,960000,-0.07586129009723663,0.765883207321167
601,1712665605.3867807,961600,-0.07563179731369019,0.7338706254959106
602,1712665606.1071332,963200,-0.07595627009868622,0.7445184588432312
603,1712665606.9250875,964800,-0.07609205693006516,0.7532373070716858
604,1712665607.6729968,966400,-0.07583113014698029,0.7260568737983704
605,1712665608.4384964,968000,-0.07589450478553772,0.7136911153793335
606,1712665609.1868002,969600,-0.0759359747171402,0.7537822127342224
607,1712665609.904835,971200,-0.07670127600431442,0.7572928071022034
608,1712665610.758649,972800,-0.07658378779888153,0.7720741033554077
609,1712665611.5059276,974400,-0.0765022486448288,0.7521386742591858
610,1712665612.2513804,976000,-0.0766388401389122,0.737763524055481
611,1712665612.9895122,977600,-0.07615862786769867,0.7049822807312012
612,1712665613.6561017,979200,-0.07585832476615906,0.7371214032173157
613,1712665614.4199154,980800,-0.0760100707411766,0.701245903968811
614,1712665615.0969472,982400,-0.07626374065876007,0.7129783034324646
615,1712665615.7866998,984000,-0.07593056559562683,0.7155864238739014
616,1712665616.5860257,985600,-0.07552093267440796,0.7225715517997742
617,1712665617.4758434,987200,-0.07566260546445847,0.7271009087562561
618,1712665618.3407726,988800,-0.07565228641033173,0.7053804993629456
619,1712665619.068174,990400,-0.07604685425758362,0.7222400903701782
620,1712665619.92379,992000,-0.07534737884998322,0.712950587272644
621,1712665620.6940832,993600,-0.0750773549079895,0.7452108860015869
622,1712665621.4218297,995200,-0.07478546351194382,0.7496383786201477
623,1712665622.2057345,996800,-0.07468127459287643,0.7524014115333557
624,1712665622.9961977,998400,-0.0752318874001503,0.7674311995506287
625,1712665623.9433453,1000000,-0.07553538680076599,0.7697246074676514
626,1712665624.6929777,1001600,-0.07634124159812927,0.7179840207099915
627,1712665625.4351442,1003200,-0.07605733722448349,0.7526909708976746
# _tick,_time,frames,mean_episode_return_0,loss_0
0,1712666224.1833375,0,-0.21462570130825043,0.9417964816093445
1,1712666225.3245542,2400,-0.19835826754570007,2.1631393432617188
2,1712666226.3712535,4800,-0.34868907928466797,1.5655335187911987
3,1712666227.4857495,7200,-0.32894420623779297,0.8991090655326843
4,1712666228.859934,9600,-0.3046487867832184,0.9818491339683533
5,1712666229.9627738,12000,-0.28145089745521545,0.9116844534873962
6,1712666231.067698,14400,-0.2726905643939972,0.8750398755073547
7,1712666232.1452856,16800,-0.26012635231018066,0.8950110673904419
8,1712666233.2127507,19200,-0.30553340911865234,1.0867258310317993
9,1712666234.518979,21600,-0.30375638604164124,0.8748497366905212
10,1712666235.6197805,24000,-0.2955092489719391,0.883795976638794
11,1712666236.732461,26400,-0.2855331599712372,0.886734127998352
12,1712666237.9106596,28800,-0.2776678204536438,0.8584628105163574
13,1712666239.2091463,31200,-0.2705111503601074,0.8454816341400146
14,1712666240.5140796,33600,-0.2636353671550751,0.8447645306587219
15,1712666241.729352,36000,-0.25932350754737854,0.8331626653671265
16,1712666242.8430033,38400,-0.2552879750728607,0.8373505473136902
17,1712666243.8584704,40800,-0.2711861729621887,1.0207122564315796
18,1712666244.9236913,43200,-0.26895642280578613,0.8185544610023499
19,1712666246.1382449,45600,-0.26593858003616333,0.8468482494354248
20,1712666247.3419526,48000,-0.26502737402915955,0.8274455666542053
21,1712666248.4565673,50400,-0.261385977268219,0.8331470489501953
22,1712666249.5083208,52800,-0.2585541605949402,0.8117379546165466
23,1712666250.5992498,55200,-0.2556711435317993,0.7980366349220276
24,1712666251.763315,57600,-0.25342047214508057,0.8089987635612488
25,1712666253.047978,60000,-0.2503375709056854,0.8168191909790039
26,1712666254.118308,62400,-0.24810852110385895,0.8070518970489502
27,1712666255.2659004,64800,-0.2476097196340561,0.7978882789611816
28,1712666256.449795,67200,-0.2487141489982605,0.9540615081787109
29,1712666257.6735308,69600,-0.24817796051502228,0.8125459551811218
30,1712666259.1743896,72000,-0.2473328709602356,0.8202126622200012
31,1712666260.4115567,74400,-0.24547243118286133,0.8227589130401611
32,1712666261.6396961,76800,-0.24521470069885254,0.7946217656135559
33,1712666262.9045737,79200,-0.24477535486221313,0.8076921105384827
34,1712666264.1760006,81600,-0.24322164058685303,0.8321279287338257
35,1712666265.749386,84000,-0.241130530834198,0.8527149558067322
36,1712666266.9951534,86400,-0.23934900760650635,0.8948371410369873
37,1712666268.2583501,88800,-0.23893925547599792,0.8401119112968445
38,1712666269.5542858,91200,-0.23757591843605042,0.816324770450592
39,1712666270.8215997,93600,-0.23618681728839874,0.8178338408470154
40,1712666272.3799691,96000,-0.23482953011989594,0.8071627616882324
41,1712666273.676636,98400,-0.233694389462471,0.8319094777107239
42,1712666274.9034967,100800,-0.232864648103714,0.8143821954727173
43,1712666276.2336059,103200,-0.23170806467533112,0.8092597723007202
44,1712666277.4933395,105600,-0.2305627465248108,0.8794533014297485
45,1712666279.0645492,108000,-0.22969309985637665,0.8214500546455383
46,1712666280.3878865,110400,-0.22813336551189423,0.823937177658081
47,1712666281.6400301,112800,-0.22832459211349487,0.8668893575668335
48,1712666282.9598231,115200,-0.22767962515354156,0.8497464060783386
49,1712666284.215214,117600,-0.2268330454826355,0.8327423334121704
50,1712666285.753133,120000,-0.22616197168827057,0.7831562757492065
51,1712666287.1170611,122400,-0.2257676124572754,0.8368567824363708
52,1712666288.3569152,124800,-0.22475691139698029,0.9012095928192139
53,1712666289.6453779,127200,-0.22317630052566528,0.8520012497901917
54,1712666290.9045942,129600,-0.22202640771865845,0.815151035785675
55,1712666292.303909,132000,-0.22143161296844482,0.8030605912208557
56,1712666293.731601,134400,-0.22070547938346863,0.8128153681755066
57,1712666295.019218,136800,-0.2205786108970642,0.7957724332809448
58,1712666296.2511091,139200,-0.2201858013868332,0.8031708002090454
59,1712666297.4777577,141600,-0.21906545758247375,0.8061484098434448
60,1712666298.7987206,144000,-0.21884293854236603,0.7560980319976807
61,1712666300.2540529,146400,-0.21844333410263062,0.8063569068908691
62,1712666301.4930205,148800,-0.21857662498950958,0.861799418926239
63,1712666302.7019317,151200,-0.21917611360549927,0.8355504870414734
64,1712666303.9527514,153600,-0.21940352022647858,0.8129855990409851
65,1712666305.1815686,156000,-0.2192266583442688,0.7889363765716553
66,1712666306.7093537,158400,-0.21859972178936005,0.8360891342163086
67,1712666307.934606,160800,-0.21794824302196503,0.7990763783454895
68,1712666309.2022004,163200,-0.2178283929824829,0.777438223361969
69,1712666310.4260283,165600,-0.21758703887462616,0.8020927309989929
70,1712666311.715674,168000,-0.21739448606967926,0.7908732891082764
71,1712666313.2150836,170400,-0.21690520644187927,0.789408266544342
72,1712666314.4783902,172800,-0.21635647118091583,0.7973124980926514
73,1712666315.6920989,175200,-0.21578946709632874,0.8349637985229492
74,1712666316.9024134,177600,-0.21558700501918793,0.8542752265930176
75,1712666318.1839895,180000,-0.21671085059642792,0.8503963947296143
76,1712666319.6260026,182400,-0.21638290584087372,0.8848498463630676
77,1712666320.9175465,184800,-0.2161330133676529,0.8276397585868835
78,1712666322.1333249,187200,-0.2161949723958969,0.8030574321746826
79,1712666323.3687017,189600,-0.21595799922943115,0.7756723165512085
80,1712666324.6371741,192000,-0.21540552377700806,0.7864280343055725
81,1712666326.0273705,194400,-0.21471554040908813,0.8323720097541809
82,1712666327.292634,196800,-0.21411386132240295,0.8471452593803406
83,1712666328.486387,199200,-0.2135644257068634,0.8068264126777649
84,1712666329.6906016,201600,-0.2124842405319214,0.8188433051109314
85,1712666330.9554744,204000,-0.21143828332424164,0.8412013053894043
86,1712666332.2825966,206400,-0.210797518491745,0.8156440258026123
87,1712666333.562976,208800,-0.2098270058631897,0.8062100410461426
88,1712666334.7453263,211200,-0.20863747596740723,0.8202399015426636
89,1712666335.919161,213600,-0.2073337584733963,0.830192506313324
90,1712666337.18526,216000,-0.20606635510921478,0.8542353510856628
91,1712666338.4215982,218400,-0.20551468431949615,0.8387287855148315
92,1712666339.7281675,220800,-0.2049431949853897,0.8257290720939636
93,1712666340.9252145,223200,-0.20431867241859436,0.8206706643104553
94,1712666342.1345928,225600,-0.2036765068769455,0.8198351263999939
95,1712666343.4903893,228000,-0.20286531746387482,0.8127877712249756
96,1712666344.6475084,230400,-0.20146958529949188,0.804467499256134
97,1712666345.9922743,232800,-0.20076599717140198,0.8129922747612
98,1712666347.1405833,235200,-0.20015685260295868,0.8471124172210693
99,1712666348.301383,237600,-0.19945167005062103,0.823591947555542
100,1712666349.5677385,240000,-0.19888348877429962,0.8192784786224365
101,1712666350.7686281,242400,-0.19837011396884918,0.8100618720054626
102,1712666352.112518,244800,-0.19292661547660828,0.811090886592865
103,1712666353.26606,247200,-0.19148306548595428,0.7916282415390015
104,1712666354.4494188,249600,-0.19032526016235352,0.8030012845993042
105,1712666355.6155524,252000,-0.18936286866664886,0.8154821991920471
106,1712666356.8708916,254400,-0.18843720853328705,0.8088418841362
107,1712666358.221763,256800,-0.18772976100444794,0.8728282451629639
108,1712666359.3804052,259200,-0.1823420375585556,0.7944841980934143
109,1712666360.5439792,261600,-0.18033620715141296,0.8322219848632812
110,1712666361.687923,264000,-0.17940716445446014,0.7966309785842896
111,1712666363.0430236,266400,-0.17868703603744507,0.8203588128089905
112,1712666364.3058193,268800,-0.17806512117385864,0.7911990880966187
113,1712666365.4853892,271200,-0.17715869843959808,0.8313102126121521
114,1712666366.6365855,273600,-0.1763930469751358,0.860775351524353
115,1712666367.8088331,276000,-0.17561973631381989,0.8751335740089417
116,1712666369.2026424,278400,-0.1746920347213745,0.819946825504303
117,1712666370.4212668,280800,-0.170016810297966,0.8107498288154602
118,1712666371.6030495,283200,-0.1687106341123581,0.8085868954658508
119,1712666372.7701626,285600,-0.16777406632900238,0.7971932888031006
120,1712666373.951018,288000,-0.16639211773872375,0.7964447736740112
121,1712666375.3493726,290400,-0.16539166867733002,0.7871983051300049
122,1712666376.4922814,292800,-0.16442687809467316,0.7512402534484863
123,1712666377.7262392,295200,-0.16361373662948608,0.8149533867835999
124,1712666378.8809538,297600,-0.16242653131484985,0.8303024172782898
125,1712666380.05215,300000,-0.16183367371559143,0.8196203708648682
126,1712666381.4270425,302400,-0.16126777231693268,0.8350794911384583
127,1712666382.6724057,304800,-0.16016142070293427,0.8006912469863892
128,1712666383.877248,307200,-0.15793107450008392,0.8080154657363892
129,1712666385.072456,309600,-0.15677209198474884,0.8054089546203613
130,1712666386.2201657,312000,-0.15577702224254608,0.8080267310142517
131,1712666387.5705829,314400,-0.15507453680038452,0.8267267942428589
132,1712666388.8824642,316800,-0.1540302336215973,0.8047904968261719
133,1712666390.0467963,319200,-0.15308436751365662,0.786298930644989
134,1712666391.2219608,321600,-0.1523100733757019,0.8130647540092468
135,1712666392.3859007,324000,-0.1515614092350006,0.8190375566482544
136,1712666393.6684935,326400,-0.15072831511497498,0.8272890448570251
137,1712666395.0133078,328800,-0.14974550902843475,0.781855046749115
138,1712666396.1825635,331200,-0.14914846420288086,0.7855729460716248
139,1712666397.3396356,333600,-0.14807648956775665,0.8171270489692688
140,1712666398.5864525,336000,-0.14735621213912964,0.7766094207763672
141,1712666399.793262,338400,-0.14677517116069794,0.7770260572433472
142,1712666401.2205594,340800,-0.14584676921367645,0.7988555431365967
143,1712666402.4049025,343200,-0.14532774686813354,0.7691645622253418
144,1712666403.6017172,345600,-0.14486581087112427,0.8284865021705627
145,1712666404.736704,348000,-0.14438194036483765,0.885086178779602
146,1712666405.8840067,350400,-0.1443759799003601,0.8126837015151978
147,1712666407.331387,352800,-0.14314968883991241,0.844970166683197
148,1712666408.515755,355200,-0.14228852093219757,0.8164278864860535
149,1712666409.7038622,357600,-0.14154919981956482,0.8002753257751465
150,1712666410.8611712,360000,-0.14050021767616272,0.7838935256004333
151,1712666412.06224,362400,-0.13977886736392975,0.789662778377533
152,1712666413.4630392,364800,-0.13890816271305084,0.7804787158966064
153,1712666414.6964662,367200,-0.1385728120803833,0.8008710741996765
154,1712666415.866738,369600,-0.13815830647945404,0.8020147681236267
155,1712666417.0396178,372000,-0.13731682300567627,0.8158217072486877
156,1712666418.2228506,374400,-0.13648414611816406,0.8377739191055298
157,1712666419.5729825,376800,-0.13520345091819763,0.8102416396141052
158,1712666420.809636,379200,-0.13451726734638214,0.7930120825767517
159,1712666422.0377705,381600,-0.13407665491104126,0.8172793388366699
160,1712666423.2171316,384000,-0.13314023613929749,0.7883846163749695
161,1712666424.3994231,386400,-0.13249456882476807,0.8000867962837219
162,1712666425.6990793,388800,-0.13142412900924683,0.7948117256164551
163,1712666426.960348,391200,-0.12999339401721954,0.769543468952179
164,1712666428.198183,393600,-0.12884129583835602,0.7924164533615112
165,1712666429.3859327,396000,-0.12785592675209045,0.8215758204460144
166,1712666430.533759,398400,-0.12721827626228333,0.7716631293296814
167,1712666431.7436028,400800,-0.12656794488430023,0.768004834651947
168,1712666433.100026,403200,-0.12557335197925568,0.7695212960243225
169,1712666434.34731,405600,-0.12425068020820618,0.7857726812362671
170,1712666435.515508,408000,-0.12372392416000366,0.8448784351348877
171,1712666436.6700108,410400,-0.12316267937421799,0.8583229780197144
172,1712666437.8388412,412800,-0.12261941283941269,0.8307546377182007
173,1712666439.214706,415200,-0.12134106457233429,0.8264009356498718
174,1712666440.4289823,417600,-0.12051411718130112,0.7958168387413025
175,1712666441.5991666,420000,-0.11791358143091202,0.8131377100944519
176,1712666442.834615,422400,-0.11704171448945999,0.793783962726593
177,1712666444.058325,424800,-0.11603488773107529,0.7862363457679749
178,1712666445.384094,427200,-0.11499940603971481,0.7901691794395447
179,1712666446.5523963,429600,-0.11433141678571701,0.7684071063995361
180,1712666447.7817166,432000,-0.11396930366754532,0.7718929052352905
181,1712666448.949899,434400,-0.11322889477014542,0.795275866985321
182,1712666450.1889205,436800,-0.11302514374256134,0.8408234715461731
183,1712666451.4418898,439200,-0.11229221522808075,0.8705688714981079
184,1712666452.6545057,441600,-0.112125463783741,0.8071509599685669
185,1712666453.8682716,444000,-0.11211651563644409,0.7929996252059937
186,1712666455.0370345,446400,-0.11154055595397949,0.8063871264457703
187,1712666456.1790047,448800,-0.1114041730761528,0.8080379962921143
188,1712666457.2301867,451200,-0.11109880357980728,0.7951056361198425
189,1712666458.3676033,453600,-0.11117900907993317,0.7825355529785156
190,1712666459.4452515,456000,-0.11098890006542206,0.7780347466468811
191,1712666460.4814894,458400,-0.11021337658166885,0.7661092281341553
192,1712666461.5578005,460800,-0.1098829060792923,0.8126475214958191
193,1712666462.5649915,463200,-0.10903654992580414,0.8569815158843994
194,1712666463.7355068,465600,-0.10830044001340866,0.7997006177902222
195,1712666464.82407,468000,-0.10814224183559418,0.8179910182952881
196,1712666465.8562694,470400,-0.10807691514492035,0.8305186033248901
197,1712666466.8979743,472800,-0.1074577048420906,0.78864586353302
198,1712666467.9173787,475200,-0.10725978016853333,0.7796167135238647
199,1712666469.10522,477600,-0.10739194601774216,0.7717196941375732
200,1712666470.1608534,480000,-0.1065208911895752,0.7822183966636658
201,1712666471.2254102,482400,-0.10617158561944962,0.7780206203460693
202,1712666472.314123,484800,-0.10606575012207031,0.7631576061248779
203,1712666473.382261,487200,-0.10632490366697311,0.7890321612358093
204,1712666474.5139835,489600,-0.10640385001897812,0.7969008088111877
205,1712666475.5707066,492000,-0.10664036870002747,0.7917987704277039
206,1712666476.6464536,494400,-0.106108658015728,0.785413384437561
207,1712666477.7050707,496800,-0.10594266653060913,0.7984062433242798
208,1712666478.745074,499200,-0.10555212944746017,0.7927201986312866
209,1712666479.8068395,501600,-0.10619789361953735,0.7954570651054382
210,1712666480.9092953,504000,-0.10613888502120972,0.8132370114326477
211,1712666482.0065997,506400,-0.10628127306699753,0.7585950493812561
212,1712666483.0543337,508800,-0.10594268888235092,0.8110308051109314
213,1712666484.0053983,511200,-0.10640569776296616,0.8051177859306335
214,1712666484.947228,513600,-0.10639943182468414,0.760668158531189
215,1712666486.0389578,516000,-0.1058502197265625,0.7588925361633301
216,1712666487.0502763,518400,-0.10575805604457855,0.7753432989120483
217,1712666487.9841316,520800,-0.10600514709949493,0.7572505474090576
218,1712666488.9229138,523200,-0.106119804084301,0.787735104560852
219,1712666489.8911247,525600,-0.1062694564461708,0.752460777759552
220,1712666490.972022,528000,-0.10649583488702774,0.7589684724807739
221,1712666491.9470184,530400,-0.10689272731542587,0.8074358105659485
222,1712666492.8872027,532800,-0.1066150888800621,0.8832665085792542
223,1712666493.8841615,535200,-0.10652807354927063,0.778015673160553
224,1712666494.8788724,537600,-0.10703062266111374,0.8337140083312988
225,1712666495.9953723,540000,-0.10729867964982986,0.7879289984703064
226,1712666496.9344256,542400,-0.10711871832609177,0.7727758884429932
227,1712666497.875957,544800,-0.10680872201919556,0.7510119676589966
228,1712666498.8983388,547200,-0.10753436386585236,0.778466522693634
229,1712666499.9111035,549600,-0.10734536498785019,0.7696062326431274
230,1712666500.9570112,552000,-0.10725006461143494,0.7618311643600464
231,1712666501.8933506,554400,-0.10697546601295471,0.7653789520263672
232,1712666502.8615572,556800,-0.1064971536397934,0.7745081186294556
233,1712666503.9303536,559200,-0.10651230067014694,0.8275502920150757
234,1712666504.9616437,561600,-0.10664314031600952,0.7795067429542542
235,1712666505.9131417,564000,-0.10708846896886826,0.7589961886405945
236,1712666506.8503342,566400,-0.10678958892822266,0.7895423173904419
237,1712666507.8252401,568800,-0.10648227483034134,0.7825084924697876
238,1712666508.9096813,571200,-0.10617760568857193,0.8053434491157532
239,1712666509.8555021,573600,-0.10629027336835861,0.7809195518493652
240,1712666510.8271399,576000,-0.10600640624761581,0.7575989365577698
241,1712666511.7781188,578400,-0.10564889758825302,0.7851461172103882
242,1712666512.7173069,580800,-0.10597773641347885,0.7707778215408325
243,1712666513.80881,583200,-0.10551638901233673,0.7581084370613098
244,1712666514.7805474,585600,-0.1047258973121643,0.7766010165214539
245,1712666515.7342086,588000,-0.10447856783866882,0.7483819723129272
246,1712666516.6994462,590400,-0.10386382788419724,0.7748140096664429
247,1712666517.647712,592800,-0.10366767644882202,0.8118217587471008
248,1712666518.6741662,595200,-0.10634110122919083,0.8185664415359497
249,1712666519.6629455,597600,-0.10788378864526749,0.7962608933448792
250,1712666520.6932342,600000,-0.10808036476373672,0.7965148091316223
251,1712666521.6339774,602400,-0.10765742510557175,0.7786174416542053
252,1712666522.606945,604800,-0.10780084878206253,0.8071224093437195
253,1712666523.587264,607200,-0.10729194432497025,0.8100348114967346
254,1712666524.588621,609600,-0.10703830420970917,0.7823383808135986
255,1712666525.6268065,612000,-0.10714145749807358,0.7823026776313782
256,1712666526.5690863,614400,-0.10719780623912811,0.7657778859138489
257,1712666527.5279174,616800,-0.10699431598186493,0.7666810750961304
258,1712666528.4923153,619200,-0.10675439238548279,0.7727510333061218
259,1712666529.4644225,621600,-0.10693302750587463,0.7686830759048462
260,1712666530.5573444,624000,-0.10713451355695724,0.7951861023902893
261,1712666531.474946,626400,-0.10708070546388626,0.8082347512245178
262,1712666532.4240928,628800,-0.10697793960571289,0.7375112771987915
263,1712666533.3909752,631200,-0.10666909068822861,0.7767022252082825
264,1712666534.3334384,633600,-0.1063617542386055,0.7678189873695374
265,1712666535.4555511,636000,-0.10625320672988892,0.7455672025680542
266,1712666536.4397275,638400,-0.10614414513111115,0.7943381071090698
267,1712666537.3772078,640800,-0.10623615235090256,0.7581167817115784
268,1712666538.33092,643200,-0.10608397424221039,0.773337721824646
269,1712666539.2897637,645600,-0.10646088421344757,0.768832266330719
270,1712666540.4926643,648000,-0.10589535534381866,0.7660534977912903
271,1712666541.4748387,650400,-0.10577311366796494,0.8050194978713989
272,1712666542.4133878,652800,-0.1056305468082428,0.7964632511138916
273,1712666543.3558571,655200,-0.10631029307842255,0.7536837458610535
274,1712666544.3045955,657600,-0.10572519153356552,0.766029953956604
275,1712666545.3271132,660000,-0.10592160373926163,0.754057765007019
276,1712666546.3764815,662400,-0.10511580109596252,0.7517454624176025
277,1712666547.3196993,664800,-0.10516419261693954,0.7486919164657593
278,1712666548.276043,667200,-0.10445250570774078,0.7492662072181702
279,1712666549.2313838,669600,-0.1040567085146904,0.7417219281196594
280,1712666550.1875553,672000,-0.10341343283653259,0.7492908239364624
281,1712666551.294835,674400,-0.1036204919219017,0.7244399785995483
282,1712666552.2386785,676800,-0.10286961495876312,0.7734667062759399
283,1712666553.2080555,679200,-0.10272672772407532,0.9408936500549316
284,1712666554.1377304,681600,-0.10406563431024551,0.847368061542511
285,1712666555.0799143,684000,-0.1042417511343956,0.7900253534317017
286,1712666556.18784,686400,-0.10401933640241623,0.8060574531555176
287,1712666557.2018907,688800,-0.10362496972084045,0.7634727358818054
288,1712666558.1512039,691200,-0.10431322455406189,0.736054003238678
289,1712666559.1233966,693600,-0.10406340658664703,0.7663639187812805
290,1712666560.1264234,696000,-0.1041707769036293,0.7553356289863586
291,1712666561.2129495,698400,-0.10427716374397278,0.7593922019004822
292,1712666562.204624,700800,-0.10338518023490906,0.7690227627754211
293,1712666563.164347,703200,-0.10355225205421448,0.7845320105552673
294,1712666564.1412146,705600,-0.10345736145973206,0.7622590661048889
